rs_id,Tm,probe_sequence,probe_len,SNP_chr,SNP_position,GC_content(%)
rs2024092,75.82504460206962,GCTGAGCTGGAACAGCTGGAAGGGAAGCAGGATGTCAGCCCGGGCC,46,19,1124032,65.21739130434783
rs17885785,71.70298786574205,GCACACTCCAAAGGACTGAGGCGGTGCCACTGTGTTACCATTTTATTGAGTGTCTAAGGTAAAGAC,66,11,2146620,46.96969696969697
rs1182188,70.81874763818979,CTAGAATCCATTTGGAAATCAAAACAGGAGTCAGGTGGATGGAGATGAAAATACTGGCCTTCTGACTAAAGAGTCTGGTT,80,7,2830351,41.25
rs114846446,70.9502959326876,GGATAAATGGCAGCCATTGTGGTAAAGAGAGGAAGTACCCCTGGAAAAAAAGACCTAAAGCTTTCTACTCCAG,73,2,2944140,43.83561643835616
rs36051895,71.95011462279723,GGAAAGAAACAAACTAACTCCTGGACTTCTCCCCATCCCTTCGTTTGAGCCTGTTTCCCTTTCC,64,9,4981866,48.4375
rs7672495,73.39863082562738,ACTTTCTTCCTCCATGATAGGAGAGGGCTGGATTGGGTTAGGGATGGCACAGTCAATGCCTCTAGG,66,4,4990640,51.515151515151516
rs61839660,71.44079553323314,CAGAAAGCAGCGGCTTCTGAAGGAGGTATTTATTTTGGTCCCAAACAGAAAAGAGTGGGTGATTCTGT,68,10,6052734,44.11764705882353
rs706778,73.3187975032751,TTGGGGCCTCTCTCCCTGGAATGTCATTGATGGAAATTTACCAGTCCCTCAGGGCTCC,58,10,6056986,53.44827586206896
rs2104286,69.91731240017293,CTCTGATAGCCCCATGCTCAGTAGATCTTACCACATATGACTTGTGTTACCATGACTATATCTATGCCTTTCTCCT,76,10,6057082,42.10526315789473
rs1860545,74.45532030513118,CCCTCCCGTGAAGCCACCATTGACAATGTCTGTTTCCTCCACCCCGGCTC,50,12,6337611,60.0
rs7954567,71.44079553323326,ACTCCAGCCTGGGCGACAAAGCAAGACTCTGTATGGAAAGGAAAAGAGAAAAGAAGAGAAGAGAAGAG,68,12,6381959,45.588235294117645
rs11616188,72.55803443849948,TGCTAATGGTGGCCTTCCTGCCACCTATATCTTCACATGGTCTTGCCTTTGTGCATGAGT,60,12,6393576,48.333333333333336
rs3766606,70.67559940850589,CCAGATAATCTGTAAATAGGCTAAAAAAAATTCGGAACCTCGTTGATCTGCTGTCGTTGGCAGTGAGAACTCC,73,1,7962137,42.465753424657535
rs74956615,69.16730041587647,GGTGGTTTGAAAAATAAAACTTAGAAAAGGAAACAGAAGTCAGTTGACAAAGTTAAAAAAAAAGGAGACAGTCTCTGTATCTTCACGGG,89,19,10317045,34.831460674157306
rs12720356,71.10929819298576,CGTGCTCCACGTACTCTGTCACCATGATATCTGTAAAGACACAGCTGCTCTGGG,54,19,10359299,51.85185185185185
rs35164067,69.57809143867837,CCACCAGGTGCTAAAGGCTAGGTTGAAGAAATGATATTTACATTAGTTTCCATTAATTTACATTGAACTGAAGTGCTAGCTAAGGC,86,19,10414505,37.2093023255814
rs62131887,74.75900772636783,CCTCTGCCTTCCGGGTTCAAGCAATTCTCCTGCCTCAGCCTCCCAGGTAGC,51,19,10476920,60.78431372549019
rs3776414,72.70531732680774,GTTGCAGCGTCTAAGAGTCCACAGGAGTCATTCACAGATGGCGCTGTCCTTGTGAA,56,5,10689450,51.78571428571429
rs367569,72.73889555853037,CAGGTCCGGTTGTGGGGTATATGCTAGACTAAGCCGTGAAGACTCTCTGGGTCTCTGG,58,16,11271643,55.172413793103445
rs61199332,71.41245178548292,AAACACTTGGCCCAACTCCACCCACATATCACCCCTGAGATTAAGAAAGTGCTCTCAAAGGATATTTGT,69,8,11573132,43.47826086956522
rs7042370,73.36386296439628,TACTCAAGGCCCAAGGGCTCTTTTTCACCTTATGGTGAATCTTGCCAGGCCTGGTTATCTCCCTTC,66,9,12785074,50.0
rs1267499,72.53734129326665,CCTGGTTCTCTCTCCATCATTCCTGCTTCTCTTTCCCCTTTCATAGCAGTGTCCCTAAGGGATGC,65,6,14715651,50.76923076923077
rs1326986,68.26794191116119,GAATTTCAAAAAAGTTGCTAATTGAGATAACATTTATTCGTGTTCCTTTCTACTCTAACCCTGTTCTATATAAGATATTTTATGGAGTCTCCTAGCACTAGACTATTTTGGA,112,10,19640584,31.25
rs4655215,72.8575161905747,CCTGAGACGTAGAGAGACGAAGGGACTTGTAAGTGGAGAACTGGAATTCAAGCCAGGTATGTCTGCCT,68,1,19811221,50.0
rs3806308,73.74965945297299,GATTTCCTTACTTTGCCCTCAAGGGCAAATGGTGGGGTGGCATGTGCACTCCCT,54,1,19816373,53.70370370370371
rs6426833,72.21750561452785,ATCTCCAAGACATTTGTTTCCTGAAACAGCTGAGTCAGCAACGGAGAGACCTTCCTCCAGTGA,63,1,19845367,47.61904761904761
rs2266961,72.52740491972975,GCCTGCCATGTCTTAGCTGAGTGACCGTGGGCAAGTTACTTTACCTCTCTGTGCCTTAGTTA,62,22,21574308,50.0
rs2283790,72.24574380567924,AGGAACACACCACAAGGACGTGCCATGTAGCAGCAGTCCAAGTCAGACAA,50,22,21602364,52.0
rs34920465,72.76180861891203,CCAGCTCTGACATCCTTAGCCAGCTAGATTCTTTACTAATCGTCAATCAACTGGCAGATTCCTGCCTCCAAGCATT,76,1,22373858,46.05263157894737
rs7404095,73.1948165475622,GAAGTCTCTGTGGCTTGACAGAAGGGAGTTTATTTCTTACTCATGTCACTAACCAGTGCAGGTGGTCCTGGTCAGG,76,16,23853269,48.68421052631579
rs7552167,71.19451081439075,GCATATGACTCATAGTTAGAAGACCTCAGTGTTTCTTTCGAAAGTATGACTCCACTGTCATGCTCCCCTCCATAGC,76,1,24192153,44.73684210526316
rs13407913,75.17018154991268,CAGCCGGTGAGGGGCAGGGTCAGAGTCCAGGGTTCCCCCCGAATTTAT,48,2,24874775,62.5
rs11249215,75.13664112759238,AGGTCTGCTGCAGCCACATCCCATCGTGTCCCCAGGATACCCCTCCAC,48,1,24970693,62.5
rs17085007,70.0549897883298,CGTAGCATTTTAGTAGCACGTTGTAAAATATAACTTTGGGCATATTTAAACTTCTGCTTTGTTTTCTGGGAAAATCAACTGAGCTCTCTCTGAG,94,13,26957130,36.17021276595745
rs1260326,74.08778344736851,AGCACCGTGGGTCAGACCTTGCTGGTGAGAGTCCAGCCGTGACAAA,46,2,27508073,58.69565217391305
rs10775412,69.03745909174165,CTTTGTTTTTCTTTACTCAATGTTGAATACACAGTACATCCCATCAGAAGTCTGGAAGGGTCTGTAGTATTTTCAGTTACACATGATTGTATTTTG,96,17,27542007,34.375
rs28998802,70.64067171358539,GGGCTCAAGTTCCAACTCTGTAAACTCTGTAATTACCAGTCATTCAGGCTGGGGGAAGTCATAATCCTATTAGA,74,17,27797882,43.24324324324324
rs12598357,69.44515813204384,TACAGGCATGAGCCACCACGCCAAGCCTTGATTTTTCTTAGTATGTGG,48,16,28329624,47.91666666666667
rs925255,71.29029799430754,TAACAGTCTGGAGTTTGCTTATAAACGCCCGATTACTTTTATTAGATGCGTCCTAATTGCCCGGCGT,67,2,28391927,43.28358208955223
rs26528,74.94386072469706,GAGGCTGCTGACATCTTGGTCCCAGTGCTCCACTTGTGCCAGCACCTCGTTC,52,16,28506388,59.61538461538461
rs12928404,73.76336076895319,GGATTCTGTGGTCTTCCCGGCTACTTTTTTGTTTTCCACAGGCCCATGTCCAAACTGGAATCACAGCA,68,16,28835925,48.529411764705884
rs140135,72.49574620565676,GCAAAAACTAAAGGCTAGTGAGAGCAAAGGACTTACTAGGTGCACAGGAAGCCAGGGGCAAG,62,22,29767846,50.0
rs2394250,71.40837584642554,AACCCCCATTAGACAATGAACCATCCATGATCACTAACTGTGTCCCTTCCATCTTCGTCAGCTTTAGG,68,6,29975879,45.588235294117645
rs2050392,75.61105347981425,AGCAGCAGAGGCTGCAGACTGCAGGAGGGATGGCACACAGGGAAGGA,47,10,30402574,61.702127659574465
rs11574938,79.33607362058274,CATATTCCCAGAAGTCAACGCCCTGGAGGGGAAGCGCAGGGTGCGGGTGGCCTGGGGA,58,16,30474072,65.51724137931035
rs1870293,71.79434472588213,TCATTTCCCTCTTGTTTCCTTCGAGGACTCCTATTCTCCACCCTAGACAAGATATTCTTCAGGCCTTGAACTGG,74,16,30959620,45.94594594594595
rs6905036,74.04594493677979,CCACTTTCTCTTTACCAGTGTGAATGTCAAGTTCTCTTACTATCTCCGTCACTCTCCTCTCACACCATCCAGGAGGCCCCAC,82,6,31305369,50.0
rs17192932,71.8955908943941,CATGAACAAATTCTGGTTAGTCATGGTAAGCGATGACAGTCTAAACAGCCCACCACACACGCG,63,6,31354352,47.61904761904761
rs7743761,69.81273647495317,GTACTGTTTGTTTACTACTAGAAACTTGCTTTTTGAGAGACTAAGCAAAGCATCTACTCACCTATGACCCAGCAATAGCAG,81,6,31368323,39.50617283950617
rs4463302,71.95209982037653,CTATTATATTGTTGAACCTTTGTAGACTGCAGTGCAAATGGCGGTCCCTGGAGCTGTCTTGTGCA,65,6,31375890,46.15384615384615
rs116488202,71.60099911949555,TTCATTCTTAAAATTCTGTTCCAGTGTCCCTATGCCCTAGTAAGCTAGGCTGGGCATGGTCTGAGG,66,6,31377139,46.96969696969697
rs4349859,69.25305738036775,GCAGCCTAATCCCCTTACCTTGAGTTAATAGCTTCAAGTAAGTACAAAGACATGTAAGAGAGTTTATCTAAAGAGCATGTTTACCTTTG,89,6,31398010,37.07865168539326
rs4418214,75.60186917518189,GAGAGAAGGGGCACGCAAGTGGGAATTCCAGCCCATGGCAGAGTGCACTGGA,52,6,31423624,59.61538461538461
rs2844510,74.0760848055092,GAAGCCTGGGGTCACAGCACTCGTCTTGCTGGATGGCTGCCTCTTCATTGTC,52,6,31442631,57.692307692307686
rs4243971,72.24674170001708,TCTCCCACTGCCCTCCACCCCTTTTGCTCTCACCCTTTCATTTCCTGA,48,20,32261714,54.166666666666664
rs6058869,69.17058297248263,CTCTTAGGTAGAATAAGATCCAGTAAGTATAGACACTTTTGCGGTATCCAAAGAATTAACCCTTCACTCATTTACTCACCTGGTAAGAG,89,20,32760944,38.20224719101123
rs12146962,69.07746474456246,CCTCTGCCTTTGACTTTTTTTCTTTATACCACAGAATACAACTGTGGAAGTGTGTTTTCACTATATTTTGGAAGGATAAACTGGTATGAA,90,14,32911892,34.44444444444444
rs2284553,73.994217534173,GGCTCAGAACTGTCCGGGTCCCATCAGTGTTGGGGCGGAAGAGGAA,46,21,33404389,60.86956521739131
rs9889296,68.90068394147579,CATGACCAGCACAGACTAGGCACTTAATTACTGTTTATTAAATTAATGAATAAATAGACAAATGAATGAATAAGTAAATGCCAGGCCCTGTCCTA,95,17,34243528,33.68421052631579
rs2812378,72.22852494012983,TGGCACCCAGCCCCACTTATCTCAAACTAAATGGACAGTCCTCAGCTGCCAAATTTTATGTCC,63,9,34710263,47.61904761904761
rs34779708,67.40500684406851,CTTGATTATCTTTGTGGCATGGGTATTTTCTCCTGTGTTTCCCAGAAGTGTAAGAATAATTCTCATCATTATCTTTTTTT,80,10,35177257,32.5
rs2075726,73.11872756049365,TGGGGTGAAGAGAGCTCAGGCCTGAGAGTCAGGCACCTATAGTCTGTCTTCGCTTTG,57,22,36914004,54.385964912280706
rs7100025,67.7605334998654,AAATTGTTATATATTCATACAATGGAATAACATTCCAAAAATAAAATGAATGTGTTACAGGTACGTATAACAACATGAATTCATCTCAAAGACATTATGTTGAAGCCAGATTTGA,115,10,37303610,26.956521739130434
rs16967103,69.18213519589727,GATCGGATACATGTGCAATAAATTGGCAGTTTGGTCTGATGAATTTAATATGGATGTAAACGTGTGCAGTCAAG,74,15,38606989,37.83783783783784
rs395157,70.55988333581365,GTCATCCAGCCTTATTCTTGATGTCCTCAGATTTTTCCTGTGGTCAAAGTACCTGATGAATCAGTGAAGCTCTTT,75,5,38867630,41.333333333333336
rs9977672,71.56571941745568,CATGACAATGTTGTGCCCAAGGTCTTAGCACTAATTAAAGACAAAGACAGGACCAAGCCCCCTG,64,21,39091357,46.875
rs2242944,69.54518203448185,ATAAAGCATGAGGTGGGGAGAGTTCCAAAGGAAACCAGTGATACTAAAACATACAGAATTATCAAACAGTGTTTATGCTTCTGTTAT,87,21,39093252,35.63218390804598
rs2836882,69.85665499410311,AAGGAACATGAGTTCCTTTTTTCCTGGTATTAGAAGTGCATCAGTTCAAGTATGAGTACATGAAAAGTGAAGAATAAGAGGCTGG,85,21,39094644,37.64705882352941
rs2836883,72.72158422595055,CCAGTCTCTAAAGACATGCCCATGAGCCAGGCAGCACATAACAGAGACAGGGAAGAGG,58,21,39094818,53.44827586206896
rs378108,69.4074695378406,CCACATGTGCTTTTTCAGAAGATGACCTTTGGCAAAAAAACAATTTGTTCCTTTTCCTTTGGCCTTAA,68,21,39097594,36.76470588235294
rs2143178,74.17416281653294,CAGCAGCGTCAGACCCTCAAAAACTCCTCTCCTTTGCTTTCCCCAACCCTCCCAGA,56,22,39264824,55.35714285714286
rs12232497,67.01188162515615,CAAGATAGTGATGTTTTATTTTCACTGTGAGCTGGCTTTGTTTCCTGCATAACTATAACAGATTGCTAATTAACATTGATAAATAT,86,17,39883866,30.23255813953488
rs17466626,67.22226619767696,ACATAATTAAGAATTGCAGCAAGGAGTGGATCACAGATTTTGTTATTTTTTAAAAAAATGCTGGTCTTTATTCAATATAATTGAAGGGTC,90,12,40366829,28.888888888888886
rs941823,74.36640132504743,CCTTGCCTATCATGGGCCCCCTTTACTCTATGTTATTATTGGAGAAAAGCCACCATGCAAGATCCAGGGCCCTTTCCA,78,13,40439840,48.717948717948715
rs7725052,69.25335599029074,GTGGTCACATGGACAGTGATTCAGAGATGTTAGGAAATTTAGGTCACCATTTATTTAAAGCAACTAGGTTCAAAAGATCCTTATTCTTTCT,91,5,40487168,35.16483516483517
rs10440635,69.38402721951292,CAAAAGTCTTTCCTACCAGAGAAATTTTTTTTAAAGGCAAACCTCAAACTTAATAAACTTTCCTAGGCATTAAACCGCACATAGGACC,88,5,40490688,35.22727272727273
rs12942547,69.72575348328382,TTTCTCAAACTCTTCGCTCTCATGGCCCCTTTATTTATTATTTTTTAAATTTAAAAGAAATAATAAGCAAACCGGGTCAGGTGGCTCAAAACTGTAAT,98,17,42375526,32.6530612244898
rs6561151,69.4075244015437,TCACAGAGGGTGACTAAATTCATCTGAGGGGGATTGTATAATTCCTATTACTACTTTCTTTTTTTTTTTTTTTTTTGAGACGGAGTCTCGC,91,13,43910570,35.16483516483517
rs7282490,71.34865809769929,GTTACGTAGATCGTGATCAATAATGAGAAACTGTGAGGCATCCCCGTGGGATCTGACACTTCCTAGG,67,21,44195858,47.76119402985074
rs4812833,71.34720380265895,TGGAAGTAGAACAGCCAAGAACTTACTAAGGTATGTGAAGAAAAGTAACTGTGGCCAGGTGGTGCTGT,68,20,44440356,44.11764705882353
rs17095830,69.25335942535116,CCAGAACATTCCCATCTACCAGAGTGTGTCTCATCCTTAGACAATGCAGGATATAACACCATAACA,66,12,45381125,42.42424242424242
rs1883832,73.65240367439145,GCCGCCTGGTCTCACCTCGCTATGGTTCGTCTGCCTCTGCAG,42,20,46118343,64.28571428571429
rs4802307,70.19308848311772,CTTCAGTTAAAAACTCAAACACTGACCCTCAAGGTTGTACCCTTTTTGGCTTGAGAAACCACTAATTTTTCAGAGATGG,79,19,46346549,39.24050632911392
rs8070463,70.14360964819178,CCTGTCTTTTAAAAAAAAAAAATTGTAAGAGCTCATCAAGGAGACCTCCTCTGAATACTGTGAAGCAGATCCCATCCTCC,80,17,47691470,40.0
rs11168249,73.37845574018786,GCTCCCCAAGCAAGGGAGTGGCTTTGATCTTGGCCTTGTGCAGCTC,46,12,47814585,58.69565217391305
rs602662,73.67458139929198,TGTCGGGAGAACATTGACACCTCCCACAGTGATGTGGTGTTTGCTGGCGATGG,53,19,48703728,54.71698113207547
rs4625,75.23047925256128,GTCCGTCCATCTGCATCTCTGTCCCATGACTCAGGGGCGCCCACTCTGCTTC,52,3,49534707,61.53846153846154
rs3197999,75.18200004292152,GCGTGAAGACAGCTGGCCAGCAGGACCTTGCGCATACTCGGTTGGG,46,3,49684099,63.04347826086957
rs12718244,69.65429841914977,TGTCAAGGGGACAGGAGTTTATCCACCAGAAATTATAACATGCTCATTAACTGTCATTGATTTTGACGATTATTTTTAGATGGTTGGT,88,7,50136058,35.22727272727273
rs77150043,73.84983691672227,CAGAGAAGCAGGGGTCTTCCAGAGGTTATCTGGTCCAGCATCCCGCCTCCAG,52,16,50270338,59.61538461538461
rs117372389,72.62402262367794,GGAGAGCACCCTTACTTGGCCCGTCTTCCAGAGACCCTCGAAATCTCCGAGAAGATAAA,59,16,50634166,52.54237288135594
rs1689510,75.47031088712174,GAGGCTAAGTCTGCAGTGAGCCAAGATCAAGATCAGGCCACTGCTCTCCAGCCTGGGTGACA,62,12,56002984,56.451612903225815
rs71624119,69.88877064818246,GCTCTTCTCCTTGCTCACTCATCTCAATTCCATGAAATATATCTAGAATGAATTGAAATGAAGATGCCTGATAAAGGGGGC,81,5,56144903,39.50617283950617
rs7731626,73.68853393423166,GGGTGGGGTGGTGGAGGGGAAGGGTTAAGAATTATAGCAGGTGTCTGCTGGCT,53,5,56148856,56.60377358490566
rs3853824,68.6852643436402,AAGCTCACTGGAAAAATGTATAAAGGAGCAAATGAATAAATGAAATAACTGTTCTTTCCCTATAATCTTGCTAAATCCTCCTTGGAAATTTTCTTGATATCTGT,104,17,56803632,30.76923076923077
rs11229555,72.35874228042758,GCAAGTTGCAGCCCCAGCCAATCATAACTAACATTGGCTGCAAATGACCTTCCTGAGGTTA,61,11,58641214,47.540983606557376
rs259964,69.93444878886271,CCTGGCTACTCTTTGGATTAAGCCCCCTCATTACTCTCTTTACTACCCCCTGCTTATCAT,60,20,59249254,46.666666666666664
rs7608910,70.30101647104306,AGCCCACTTTTCTCATTTTTGTTGTCTATCTGGCTCTTATAGACATCTGAGTCTGTAATTCCTGATGGAGGGAAACAA,78,2,60977721,39.743589743589745
rs11230563,76.91511832495519,CGGCCGCGGGCCTATCCACTGGGACCAGGTGAACTGCTCGGG,42,11,61008737,71.42857142857143
rs10865331,72.36930281158055,GTCTAAGTGACTGACTTTGGTGCCGTATCTACCAGGTGGTCAAGCTGATGCCATTGCAAGTC,62,2,62324337,50.0
rs10995271,72.3901232425244,CTTGCTCCAGTCACCAGCTAACTCATGCTCTCTCTCAGGTCTCAGATGAAATGCAGCTTCCT,62,10,62678726,50.0
rs10822050,69.03315950012899,CACTTCGTAAGAGTTCCTAAAATCTTTTCCATAAGGTTTTCAATTTACTTTGTCTTGATCCATCAGAGGAATCACTATATATGGCAGCTATAGCCTTATGAAATAG,106,10,62679011,33.9622641509434
rs2738774,71.15402243829158,GCTGGGATTACAGGCATGAGCCACCACGCCTGGCCTACAAACTCTTTCTTTTTTTTTTTTTTTTTTTTGA,70,20,63637985,40.0
rs6062496,75.20812785281885,CAGGGCACAGCCTCCCCTGGAGAGCTCTGGGAAAGTGGGCAGCAATC,47,20,63697746,63.829787234042556
rs559928,72.43358646004566,CCAAATCAAACCTCTTCCAGGTCCTCAAATGCACTGTGCTCATCCTTTGCACTTGCTGTTCC,62,11,64382898,48.38709677419355
rs17030062,70.98328981336226,TTAAGATACGAACTACCCATCTGAACGATTATAATTGGAAGACTTTGAGTGATGTGATTATTTGCCACTTTGCCATGTTGTATGTCCAGTGTGTGTAG,98,2,65234591,37.755102040816325
rs568617,72.49692298377192,TCCGAGTTCTGGCCTCTCTCTGCCTTAAGTCACTGTGTGACGTGTCTCAAGTCACTTCTC,60,11,65885771,51.66666666666667
rs17293632,69.47287858440006,ACTTGTGACATTGTTTTATCTCTCTAGCCGGTGACTTATAATTAAGGAAGTCAAAACTGTGCAATTAACACAAAACCTCCTCATTT,86,15,67150258,34.883720930232556
rs72743477,72.14350497892627,GGCTTTCAGCTTTTGAGATTGGCTGCTTTAGATTTATTTTCTATGGCATTTAAAAACCCTCCTGGGGCCAAGGTAGCACTTTTAGT,86,15,67171953,40.69767441860465
rs11580078,68.62749742908147,GCTTTCTGCCTGCCATTTTGAATATTACTTCTCCCGATTATATAAATATGGATAAATATGTGTTGGAAAGATGCTAAAAGGCTATAATCTCGCTTTTATTTC,102,1,67203951,32.35294117647059
rs7517847,72.64525953801956,TCTCTTTCTTACTCCTTTCACCTATTCCCAAGGCCTCAGCTACACCTGTATGTAGGCTAGAAACTGGAGCCC,72,1,67215986,48.61111111111111
rs11209026,68.65854166873407,CTGTTATGTTGTCAATTCTTTCTTTGATTGGGATATTTAACAGATCATTCCAAACTGGGTAGGTTTTTGCAGAATTTCTGTTTTCTGATTTAGACTA,97,1,67240275,31.958762886597935
rs80174646,68.4395234007851,CATAGAGGCATAAGCAAGAAAAAAAATATTCAAAGTTAAGAGTCTCATGATAGTAGATAAGTCTTAATCCATGATTTTAGGATAAGCTGTTCACATTAAGGACGC,105,1,67242472,32.38095238095238
rs10889676,68.63143119561437,CAACCTCATGTCATCTGAACAAAGGGTTTCTAGGCTAAAAATAAAATAATTTTTAAAAGTTCAAAAACAACTGGTCAACAGAATAGAGTCTGAGTTCT,98,1,67256884,31.63265306122449
rs12141575,68.01409678604642,GAGTACCTACAATTGAATTCTATGTATTAAAACCGCAGAAAAACACATACAAATAGAAAATATTTTTAATCAAGGACTAGTATCCAAAGCAAAACAAAGTGGAAATTTGG,110,1,67281753,29.09090909090909
rs11614178,69.13860155979103,TCTTCCATTTCATTCTTCCTTGAGCAATGTGTCTCAAAATACAATGAAGTTGAAAGCTCTAAAATGGGCGGAAATTTAAGTAATAACAAC,90,12,68114342,33.33333333333333
rs2429929,70.68439965168216,GCCTCTGATGTTCTCTTCCTAACTGAAGAAGGAACAATACCAAAGTCTAGTTGACCATACAGACCACCTGGTA,73,17,71725783,43.83561643835616
rs4703855,70.8420220743916,CGTATTCCTCTGGTGCTCAGAAAATCGGCATCTTACATAAGATAGGATGAAGGCAGAGTAGCTACCTGTG,70,5,72398072,45.714285714285715
rs17780256,72.93298409880947,CTCCAAGTCTCTTAGAAACATGATGGCTATAAACTTATCAAAATAAATGCCTAAGAAATTTGGAAAGCGCGACAAATGGCCTTGCTCCTGGAATCCATTGACAGCA,106,17,72646784,39.62264150943396
rs34804116,68.87769709133289,GACTGTATATAAAGAAAAGACAAAGAAGACAACTGGAAACTGTTTTGGAATGAAGGGTAAACAGAGTCAAATGTAAACTCTCCCCAAATTAATG,94,5,73244023,34.04255319148936
rs1569328,72.32777855763965,CTGTGTGCGGCAGCATTTACGTAGGTGGTACAGACAGCAGCCTTTCACTTAATGTTGC,58,14,75275048,50.0
rs11236797,70.9772687486277,AGTCACAGTTTCCTGTTTTTCATCCACTAGCTAATAAAGTTATTTCCTTAGTATGCTGCGCGGCTGAGCC,70,11,76588605,42.857142857142854
rs1250573,73.98167106287104,AGCAGGATGTCAGGAAAGGGTCAGGCTACCATAGCCCCGCAGCTATATCTGGGG,54,10,79282718,57.407407407407405
rs1250563,70.36663613567913,TTGACCCAAGGTGCACATGTATTTGTGTATAAAACCAACACAGAAGCTCAAGGACTAATCTTCATCTTTATTGTGTGCT,79,10,79287626,37.9746835443038
rs1250550,73.07005851410571,GGGGGCAGTTTGGGTGTAGAGGGAGTATACAGAATGGGAGAGGAGAACTCAGGCTGG,57,10,79300560,56.14035087719298
rs7236492,72.48485743523088,ATGGCCACTGGGGAAATGCCAAAAATACCTTGTGTTTTGCATTTCTGTCTCCTGATGGGCA,61,18,79460616,45.90163934426229
rs4389526,67.48588182265013,CAAAACAGGAGAATGGCTCAGTGCCATATGTCATAGCTATTCTGATCTAAGAAATGTTATACTCCATG,68,4,80025321,38.23529411764706
rs4333130,69.76213111526397,GGAAAAACCTTCATTCATTGTTGGGCCAGATGTGTTTATTTGAAACATAGACTAACTAGCTACTTAATGGGTTTGAATCCTTAGCC,86,4,80028675,37.2093023255814
rs7097656,68.96705162936365,CCTTCTCAGCCTTGCAAGCTTGATTTTACAGCTTCATCTCCTGGTGATTTATCTTAGTATGTTTGG,66,10,80491075,40.909090909090914
rs2066363,68.60742634221896,TTAAATGCAGAATCAGACTCATAAAAGACTTCAAACTTTGGAATTCTTTCATTCTTTTTTTGCCCTTTTGCTTTTTTATTCTCAATCTCTTTTGCATG,98,1,81771892,29.591836734693878
rs4552569,69.19427833783408,CAATACCCACAGACTGTCTCTTCGTATCCTAAGTTGTTATTTTGCATGTTTTAAAAAGTGGACATTGATACAAGCTACAAATGGAG,86,5,83877774,36.04651162790697
rs1800682,71.79201425437697,GCAACATCTGTACTTTTTCATATGGTTAACTGTCCATTCCAGGAACGTCTGTGAGCCTCTCATGTTGCAGC,71,10,88990206,45.07042253521127
rs1847472,68.509860980008,ATAGCTTTTTTAAAAAATTTGAAAAATAAATCCCCAAACATAATTCTTCTGGCAAAATATTAAATCCTAACGAAGAAGGAGGCTTTCAGGGAAACAGTC,99,6,90263440,30.303030303030305
rs72928038,68.93698121104273,GCCCTTTTTACATTACACACAAATAGGGACGGATTTCCTATAAGCTGATCTTGAAGAAAAAAAACATGTTAGACAAAGAAAATCAGAACTAAGAC,95,6,90267049,33.68421052631579
rs30187,71.54224751983469,CCCTCACTGTGATGGTTATTAGGGGAAAACCCTTCTGCAGTGTCCAAGTGTTCATCATGGTTTTCA,66,5,96788627,45.45454545454545
rs4869313,65.78121200815428,GAGTGAGACTTCATCTCAAAAGAAAAAAAAAAAGAAAGAAAAGAATAAAAGAAAAAAAAAGAAAAATCTGTATAAAGTATCTATTACAATTTACATATGTATTATGTTCATGAATATGTAGATATATGAGTTGTGTAG,138,5,96888176,22.463768115942027
rs9297145,71.23875950092355,AATTCTGGCTGACAGCTTAAGTCCAACCTCATAAAAGAACTTGAGAGCCAGAACCATCTAAATTGTCCCCC,71,7,99161494,43.66197183098591
rs11190133,66.47117277827294,CACTGCTTTGAAATTATGGTTGTTGTTTAGACAGATCTGCTGCTAGATTTTGTCATTTAATCAAATAATAAAGAATTGTGTATATTACCATATCATTATTTTTAAAAATATATTTTTATAATTGTATTTTAATGTCATTGGTTTATTTTG,150,10,99518968,22.0
rs10748781,72.84523266727444,CGGCAGTGTTTATTTTCAAGGCAGCTTCCAGTCAATCCTGTCACCGGGGCACATTC,56,10,99523573,51.78571428571429
rs2310173,69.02331220171908,CCCTTGATGTTGGCAGGGACAAAGAAAGTGAATTTTCTGTTTAAATATCATTAAGGAAGTGTGTGGAAGTCA,72,2,102047167,37.5
rs2075184,72.90424699138953,GGTTCAAGTGATTCTCCTGCCTCAGCCTCTGGAGTAGCTGGGATTACAGATGCGTACCAC,60,2,102464132,53.333333333333336
rs3774937,69.25255421258788,AAAATGGTACTCAAGGCAGAGGCTATATATCAAAATTAAAATTCTGTGATACTATGTTTTTAGGGAAGAAGAAAACTGTAGCATTAGAAATGTAGACGCAAAAGGT,106,4,102513096,32.075471698113205
rs4946717,71.75541622851944,CTGTGGGAGAACATGGACCAGGAAAACCATAGACAGGAAGCAGCGCTAAATCTAAACGAGTCA,63,6,106026874,47.61904761904761
rs11839053,70.98994598929374,GCCACTCCAGAAATGTCTTGTAACCTTTCAGAGCTTGTGCCTTTGTTCACACCAATCCTTCTACTTAGAG,70,13,106410694,44.285714285714285
rs6466198,74.33775288722245,CCTGAAACCCTTGCAGCTCCTGAGCTCTGAATGGCCACCTGCCAACAAGAGC,52,7,107839681,57.692307692307686
rs13210693,72.00899355374344,GGGAGAAAGGTAAGTTAGGGAGACCAAAAGGCAAGAAGATGTGAAGTCCTGAGCCATGGGTG,62,6,109277761,50.0
rs4561177,69.33059464548847,CCTACATTTGGTAGAGAATATTAAACTGAAAATTATCAAGTTTGAACCCCAGTAAGCATCATGAATATCACTACCATTAGGCAGTCCAAGC,91,11,110091706,36.26373626373626
rs3184504,75.2931294035659,CTCCAGCATCCAGGAGGTCCGGTGGTGCACACGGCTTGAGATGCCT,46,12,111446804,63.04347826086957
rs6679677,70.08086692033339,GCGAACAAGGTCTGAATCCTTGCTCCCAAACAATAATCTGTGATCTTAAGCAATTTATTCAACTAACAAGCCTGTTTTCT,80,1,113761186,37.5
rs2476601,71.62889235516496,AGCTTCCTCAACCACAATAAATGATTCAGGTGTCCATACAGGAAGTGGAGGGGGGATTTCATCATCTATCCT,72,1,113834946,44.44444444444444
rs661054,69.8154199922239,CCCTTTTCTTATCTTTCTCTGACTTGAGAGAACCCCTCAGCAGACACAGTCTTTCTAATTTCTTTTGCTTTGTTCTTC,78,11,114559688,39.743589743589745
rs7848647,72.27211138787192,GGAAAGTATTTCCAGTCTGCATTGACCATTGTTTAATCAGAGTATGAGGCCACAGATCGAGGTGACTGTCTGTGAGGGTAGAACATTAAC,90,9,114806766,43.333333333333336
rs726657,70.7434597922379,CACCTTGCGTTTCTTGCTGCTGGTCATATATGTAGGGTTGACCTTCAATCTATGCTTCATGTTTATGGAAAGAGA,75,9,114934056,41.333333333333336
rs4986790,66.04238606819246,CATTGAAGAATTCCGATTAGCATACTTAGACTACTACCTCGATGATATTATTGACTTATTTAATTGTTTGACAAATGTTTCTTCATTTTC,90,9,117713024,28.888888888888886
rs62324212,70.03785470279172,CACAAAAAACTTCAGCTTTTCTAAGTCACTTTTCTAACAATGCAGACTGACACATGTTTCTCTTTTGATCAGTGCTCCAGT,81,4,122639784,37.03703703703704
rs9491891,66.91948838757241,GCAGGGTACCCACAGTCTAACATTTACATAACATTTAAAATCCAGTAAAACCATATTTTATGGATATATAAATATGGAGGAAAAAGATGTTCTT,94,6,127956006,29.78723404255319
rs7933433,70.4649352259566,TGACAAGATAAAGGAAGAAACCTAGGCCCTAGAAAGGAAATTTTTCTAGGCTGATTTCTACCCCTGAAATGCACC,75,11,128324555,41.333333333333336
rs11221332,69.74765059043608,GCAGGGTGAAAAAATTGTTCATCTAAGATGACATTAATCTCTGTATGTCTCCTTGGTACAGTTCTTTTCCACAACATGCAG,81,11,128511079,38.2716049382716
rs6651252,72.39669469114739,GTGCTTGACACATAGGAGGAAAAGTGGGCTCTTTGAAATGTGAGCAGAGCACCGATCGTG,60,8,128554935,50.0
rs4728142,73.1080632181368,GGTCACACCCCAAAAAGCTCTGAGCCAGTGTTAGTAAGAAATGGGGAGGAAGGCCCAG,58,7,128933913,53.44827586206896
rs10988542,75.1495817066641,AGGCAGGAGAATCGCTTGAACCTGGCGGAGGCGGAGGTTGCAGTGAG,47,9,129894985,61.702127659574465
rs17622378,73.85674789460239,GGTGGAGTGGGCCAGAGCCTGAGACCTTTGGCTACTGTCTGCGG,44,5,132442760,63.63636363636363
rs11741255,75.7510392253518,AGATGGGGAGCACAGGGCAGGAGAGGCAGGACAAAGCCTTTGGCCCT,47,5,132475490,61.702127659574465
rs10781500,68.52830659946295,CCATGTTCTCTAACCATATCGGAAGCTAAAAATCGGTAACAGATATTGGCAAAATCTCTAAATATTTGGAAATTAAATAATATACCGCTAAATAACCCACAGAT,104,9,136374886,31.73076923076923
rs3124998,75.28416887565743,ACAGGACCAAAGGACGCAGCCCATGGCGTTGCACAGCTCAATGTGCC,47,9,136494980,59.57446808510638
rs2807264,71.67543556157483,CTCTGTCACCCAAACTGGAGTGCAATGATGAAATCATGGCTCATTGTAGCCTTGAACTCCTGG,63,X,136583619,47.61904761904761
rs12863738,72.33487818263882,GGACTACAGGCGCCCGCCACTATGCCCGGCTAATTTTTTGTATTTTTAGTAGAGACGGG,59,X,136949968,50.847457627118644
rs7831697,69.10767443249131,TCTTCTTTTATCTCTACCTTCCCTACCTATCTCCACTTTCTGTGATTTATTATTATTATTACTAGCAGCAGCAGCATTATTATTAGTAGTAGTGGTAACATTGAACTTTGCT,112,8,137124061,33.035714285714285
rs582757,68.92496425800658,GCACTGTGCTTTGGAAATATTATTTTACTGCATTTTTATCCTTTTAGCATTCTTGTGAGATGTAGGCCTTGGTAGCCTTATTTTACATATTAGAC,95,6,137876687,33.68421052631579
rs6863411,67.74801406288975,AGATCTGTTGCAATATATGGTAAATAGATCAGTATGGAAATTAGCTCTGATTAATCTCATAACTCTTCAGAATACTTTCATTTGATACAAGTACATATTTAGGAACTTCTTAAAGGG,117,5,142133639,29.914529914529915
rs2538470,71.12512323252179,CGCCTGGAGCATGAAAACACAGTCGTGAACTTTAGCCCACAGGAGTCTCAAAGAAAAT,58,7,148523356,46.55172413793103
rs4845604,71.31590186402434,AGGCGGTTCCCTTTTCCTTTGTTCTCTCCTAGTTTCTTTACAGTGTTTCCTTTCATGCTTCAGGCTTC,68,1,151829204,44.11764705882353
rs4129267,71.50444047585648,CTTGCTCAGCTTGGAGTGGGGTCAATTCTTAAAGGAAATGACATCACCTCATCTGAGATCCAAAGGC,67,1,154453788,46.26865671641791
rs2451258,71.7023049932194,TCTGGTCTTTTTTCCATCCATGTTTGACCCTAATGTGTCTTTCCTGGCCTTCATGAGTTTTCGCCTG,67,6,159085568,44.776119402985074
rs4921482,68.06243834223483,GTGTGGGCCAAGCTAACTTTGGGAGAAATTTAGTTAAATTATAATGGCCCTTCCCAGATACTAAATTG,68,5,159337470,38.23529411764706
rs6556411,71.50605150056174,CTGCCCAGTCTTCCTCATGCCCAAAGTGCTCTCATTCTGTTCATGATAACGCCCAAAATCTTTAC,65,5,159356215,46.15384615384615
rs6556416,68.47648535525394,ACATAAATTTTCAACTGCATGGTGGGGTCAACATTACTAACCCCCTCACCCTTCATGGGTGAACTGTATTTTTATATCTATATCTAATCTATATATCTATATA,103,5,159391737,33.00970873786408
rs56167332,73.61258686204718,GCATCCCTGCAACTACACCCTAGGGGAAGTTTCTTGGTCTTCTCAATGCCAGGGGC,56,5,159400761,55.35714285714286
rs755374,74.14955315920713,CCCGGGACCACAGCATGGAAAGCTTTTCACCCTACTGGCATCAGCTGCTTGT,52,5,159402286,55.769230769230774
rs12188300,73.19042636342868,GGCATGGAAATGACATCACCATGGCTTGAGTCAGAAGACCAAGTGGAGCTCTGGCACT,58,5,159402519,51.724137931034484
rs1801274,73.12671647038172,ACATTCTTCCAGAATGGAAAATCCCAGAAATTCTCCCATTTGGATCCCACCTTCTCCATCCCACAAGCAAACCACA,76,1,161509955,44.73684210526316
rs2111485,70.63148302636387,CACAGACACCAGCATGGGGTCATAAATATAAAGCCTAGAAGGGTGGAATTTCCCTGAGGAAGAAGAAAGAAAAT,74,2,162254026,41.891891891891895
rs35667974,72.12952522396597,GAATTCTGGGGTCATATTGACGTGATGCATTTTCTCAATTACATGGATATCTTCCCCAGAACAGGCTAGCACACTGCA,78,2,162268127,43.58974358974359
rs3747517,70.00028974754258,CAATGTATAGCTTTATACATCATCTTCTCTCGGAAATCATTAACTGTCTCACGTTCGATAACTCCTGAACCACTGTGAGCAAC,83,2,162272314,39.75903614457831
rs2301436,69.2088273942806,CTGCATGTCTGGGTAATGGAAAAGGGCTTCTGAAAAAAATCACAGTGAAGAGGTCAATTTAGTTTATATCAAACAGAATTCTAAAGAGA,89,6,167024500,34.831460674157306
rs34884278,68.26347521291262,TTGTGAATTAAAACCATAATGATATACTACCAAATAACTATTAAAATGTCTTGGAAAAAAACAGACAATACCAAAGGCTGACAAAGATGTAGAGTAACAGGAACTCT,107,1,172869708,29.906542056074763
rs6425143,71.54576705197127,ACCCATGTATTAATATTACATGCTGAGCAATATTTGGAGAGACACATGAGTTACTGACACATTCACTAGGGGACCAGCAAATTCTACCACAGTT,94,1,172875212,39.361702127659576
rs1018326,67.24243373892472,TCAAAATATCATCTTCATTATAATTCCAAAAATATAATGAAAGAAAAATTAAAATGATAACCTATCTTATTCTTACAATTAACTTAAGATTTTTTTGAGTTATTTCCATCTATATACTGGAATCTTAATACTGACCTTGGCATTAAAGTCCAGGTAGTATTAATAATATGAATGTTACATTTGTGTTATTATTCTACAGTTTATTA,206,2,181143073,22.330097087378643
rs7660520,72.3218457033359,CGGACCCCCCACCCAGTAACTGAATCAATGCAAAAAGACACGACTCCCTATGATTTCATCTCTGG,65,4,182824168,49.23076923076923
rs6689858,71.690416535302,GCTGTGTCCACTCAGGGTTAAATGGATTAAGGGTGGTGCAAGATGTGCTTTGTTAAACAGATGCTTGA,68,1,197406337,44.11764705882353
rs1405108,68.05399879191242,GGGAAAATCTTTACTTTCTAATATGAATAAAAAAAGAAATACTTCCTGAAAATGGAATGTTATCAGAAATGATGTTTTGTTTTCTAGTCACAAGGGTAGACAGCCTATTC,110,2,198880294,30.0
rs2816958,75.09681451552507,TCAACTCCTCTGAAAGGAGTTGGGAAACTGCATGGGATCACCTCCAGGAGCCTTAGCAAGGGGC,64,1,200132792,54.6875
rs2297909,75.59565308792872,GCAGCAGGGAGAAAAGAGGGAGCCAGTGAGCAGGGTGGCCTGGAGC,46,1,200991179,65.21739130434783
rs7426056,64.02474407834478,GCATGAGCCACCAAGTCCAGCCAATATTTGTATTTTGAATTAAAGTAT,48,2,203747335,35.41666666666667
rs55705316,73.93212488472165,TGGAGCATAATAAGTTCTGAGTGAATAAGTGTGTATCTTGTAAAACCTCTGGCTTGGCTTGCCTCCAAGCCAGAGGTTTGGAGACTCCTTTCCAAA,96,1,206760172,43.75
rs11676348,71.09457847509651,CAGAGACAGGGCTAAAGTCCTGGTTCCCATGAGGTGGTCAGTGTTTTTTCTCTATTCTGCTACAGTTATG,70,2,218145423,45.714285714285715
rs7556897,68.66068195402369,GTGGTCTTGAAAATAGTTTGTTCTGTTCTGATTATAAGTAACATGTGTTTATTGTTTTTTTTTAAAAAAGGGTAAATATCCAGGTGCAGTGGCATGT,97,2,227795396,30.927835051546392
rs36001488,69.81351802529338,CTCAGCCTCTTGAGTAGCTGGAACAATAGGTATGTGCTACCACACCTGGCTAATTTTTGTTTTTTAGTTTTTAAGAGAC,79,2,233276621,39.24050632911392
rs4676410,76.90162899644395,TGGGCAGGGAACCCAAGGGCACACACTGGGGACTGGGCCTGG,42,2,240624322,69.04761904761905
rs3749171,74.33238788659679,CAACAGGTACATGAGCATCAGCCTGGTCATGGCCATCGCCGTGGACCG,48,2,240630275,60.416666666666664
rs4676406,71.53431968932733,ACTGTATAGGGGTATAACTTCTGCACAGTAAGCTGAACTTAAGGTGCACAGCGTGATACGTTGGACC,67,2,240639691,46.26865671641791
rs35320439,76.25281477947789,CCCTTGTGTCCTCTCCAGATGCTGAGCTTGCCGAGTGCAGGTGTGGTGTCTGGTTCCC,58,2,241797926,60.3448275862069
